{"mean": [0.30121759976008977, 0.30121782823088966], "var": [0.024855992704722413, 0.024856064906884433]}